"Id","FechaIngreso","CodEmpresa","NombreEmpresa","Marca","Modelo","NumeroSerie","Accesorios","Comentarios","Recibido"
"28535","24/09/25 00:00","RPL","RESPILIFE","BMC","G2S","ES420507052","C/TARJETA SD","",""
"28537","26/09/25 00:00","AVI","AVIL SALUD SRL","COVIDIEN","PB 560","40966F0001","","",""
"28538","26/09/25 00:00","AVI","AVIL SALUD SRL","COVIDIEN","PB 560","40966F0527","","",""
"28539","26/09/25 00:00","SIE","SIED","BMC","G2S","es1bda03611","TARJETA SD, SIN CAMARA HUMIDIFICADORA","",""
"28540","26/09/25 00:00","SIE","SIED","LONG FIAN","JAY 5Q","MZJ5S5122203","","",""
"28541","25/09/25 00:00","MGB","MGBIO","BMC","G2S","ES422615166","FUENTE DE ALIMENTACION NS: 22500204056","",""
"28542","26/09/25 00:00","REW","RESPIFLOW","SILFAB","N33","C028","","",""
"28543","26/09/25 00:00","REW","RESPIFLOW","SILFAB","N33","2790013","","",""
"28544","26/09/25 00:00","REW","RESPIFLOW","SILFAB","N33","11-0312-03-A","","",""
"28545","26/09/25 00:00","REW","RESPIFLOW","SILFAB","N33","2790151","","",""
"28546","26/09/25 00:00","REW","RESPIFLOW","SILFAB","N33","06-0117-11-A","","",""
